Timestamp,Distance,Speed,Command,HeadingError,PID_Output
1760695997.1465669,180.0211743007358,180,F,3.0846893803860667,0
1760695997.28488,180.0211743007358,180,F,3.0846893803860667,0
1760695997.3890803,180.02632884445805,180,F,1.1343964617601046,0
1760695997.4912024,175.88834060594525,180,F,0.7149812358146619,0
1760695998.180513,137.12741996772903,180,F,-3.5515729052726783,0
1760695998.282597,130.93745519543043,180,F,-4.869280655114267,0
1760695998.3844469,122.70419590805365,180,F,-6.641404067260964,0
1760695998.709208,102.67543535950264,177,F,-8.185584568100865,0
1760695998.8117325,100.64971571132996,176,F,-9.30012404834332,0
1760695998.9130917,95.06666729712312,175,F,-12.806872064355161,0
1760695999.232974,80.90473012541179,170,L,-15.73971002575189,0
1760695999.6592977,56.96633499245489,150,CCW,-25.7703320680439,0
1760695999.8321767,47.326151027548455,150,CCW,-32.44936608058305,0
1760695999.9345527,45.32114863794399,150,CCW,-33.204771000130336,0
1760696000.0369275,41.90810301856918,155,L,-17.657224799630285,0
1760696000.2819843,41.127287266858964,155,R,14.255855490743556,0
1760696000.558481,46.04971926723766,150,CW,28.21354660523366,0
1760696000.872353,44.4982713479703,150,CW,35.14817905859121,0
1760696000.973988,41.90310129798155,150,CW,30.7479949814811,0
1760696001.0767481,41.43387625218695,155,R,24.998318339366392,0
1760696001.2721372,40.57272881821225,160,F,-0.7126071896217354,0
1760696001.5834858,40.467299110688856,150,CCW,-30.10889480732135,0
1760696002.0952086,27.644555658901876,140,L,-58.531832559176394,0
1760696002.5424979,18.99396803437114,140,L,-15.69288818185538,0
1760696002.6444874,18.91412640217966,145,F,2.181214077899881,0
1760696003.08584,28.99072101552955,140,R,21.12550791005077,0
1760696003.4672067,23.08542890177858,140,R,23.863245890110022,0
1760696003.570771,20.45650188116548,140,R,19.410061060046587,0
1760696003.674691,16.75207447295947,140,R,29.39337029214289,0
1760696004.8971,11.066553326593665,125,L,-28.317817710735767,0
1760696005.106002,21.995208403081193,140,L,-19.93039782359608,0
1760696005.2076693,26.641008756076868,145,L,-11.962714562107067,0
1760696005.3093033,29.200488386252445,140,L,-15.419083551330118,0
1760696005.5227902,39.098964283750895,155,L,-10.809902390321554,0
1760696005.6248128,39.92827386639331,159,F,-4.226671167176903,0
1760696005.8410485,48.86902220777832,164,F,-5.817318055417218,0
1760696005.9430342,50.3198379378449,165,F,-7.745925087555179,0
1760696006.0451233,49.27525781748329,164,F,-3.9613748274833256,0
1760696006.3289554,37.2977027448814,155,L,-11.455966713100338,0
1760696006.748046,11.89253545499497,125,L,-44.685324387858884,0
1760696007.7636228,24.96156644595135,153,F,2.8704357987654134,0
1760696007.991616,39.760554450184316,159,F,2.9365179407638493,0
1760696008.0939162,45.11951455058754,162,F,-2.1589600727012908,0
1760696008.1961076,45.570940546263735,162,F,1.8125897614800692,0
1760696008.6496313,28.456728198235577,157,F,0.8446764680640513,0
1760696008.7516882,23.39323835815889,151,F,-1.7666288163880495,0
1760696008.853033,15.062934157112897,140,F,-2.2727333162634977,0
1760696009.465353,19.788693439628243,140,L,-175.80848536205846,0
1760696009.664424,28.13700244313361,140,L,-177.5129040569515,0
1760696009.7706738,27.96213961592559,140,L,-179.30703843980157,0
1760696009.8737237,21.99121208535084,140,R,178.49875077664316,0
1760696010.0555105,19.49497817360629,140,R,171.52925473179675,0
1760696010.1575203,17.98299429878666,140,R,163.38150524059213,0
1760696010.2590072,18.311710595441657,140,R,162.57794249939568,0
1760696010.4791088,21.03560176383339,140,R,173.40952796227543,0
1760696010.581504,22.466694865960097,140,R,178.9456589818285,0
1760696010.68519,23.724350294505758,140,L,-175.6422898123315,0
1760696010.8745832,27.95226808357043,140,L,-161.3264871984453,0
1760696010.9767241,29.503119495994753,140,L,-157.6232473859192,0
1760696011.0795624,28.46920646765299,140,L,-157.23155540102132,0
1760696011.2966814,24.334109714875513,140,L,-160.17642943390743,0
1760696011.3988006,23.36868283978577,140,L,-161.70079823195692,0
1760696011.5014265,19.487238658402305,140,L,-179.05857732758705,0
1760696011.8928096,18.63877345364808,140,R,153.800974559014,0
1760696012.106394,20.57092960000597,140,R,134.42661836028935,0
1760696012.2079115,21.367701979226027,140,R,128.859954624512,0
1760696012.310261,20.736791700766865,140,R,126.96564562228394,0
1760696012.5189297,22.603048717037215,140,R,136.8193655179478,0
1760696012.6201904,26.201148238856515,140,R,147.44390586594346,0
1760696012.7218034,26.82685824409922,140,R,149.58940290596496,0
1760696012.9471583,32.154085078140476,150,CW,159.24647798627726,0
1760696013.2621143,42.81145852183016,150,CW,171.39700183994972,0
1760696013.3644595,45.308059136932336,150,CW,174.34418280499276,0
1760696013.467389,46.765100966186615,150,CW,174.21948106616588,0
1760696013.6815348,46.671238111947396,150,CW,169.55481311462287,0
1760696013.7832494,43.45316895524484,150,CW,166.05897263703955,0
1760696013.8854592,41.539321764655945,150,CW,162.12849846450027,0
1760696014.1977568,31.381045067691637,150,CW,142.60156133685362,0
1760696014.299917,27.488573064734705,140,R,134.18677793144002,0
1760696014.587335,19.788693439628243,140,R,113.31574079223155,0
1760696014.6887975,15.95589110543572,140,R,102.70926231366698,0
1760696014.791071,13.910984002090835,125,R,107.17524665843811,0
1760696015.1249034,9.682282631847087,125,R,140.29026578529397,0
1760696015.5358167,10.898474834979242,125,L,-138.75933778617735,0
1760696016.1335626,13.912019615472683,125,L,-16.537574662472878,0
1760696016.5427296,27.775826898539837,140,L,-24.973545863066178,0
1760696016.6451457,32.35334642994767,155,L,-16.315216913791218,0
1760696016.7470093,34.60473477847327,155,L,-14.333056040145976,0
1760696017.0376737,36.899985935076856,155,R,11.522900078507533,0
1760696017.265402,42.53817935053638,161,F,7.873625742293655,0
1760696017.6487122,37.45993923783983,150,CW,27.108776861901035,0
1760696017.9772415,24.510186278675054,140,R,23.40356947232226,0
1760696018.3873866,11.06655332659366,125,L,-15.375452773014658,0
1760696018.5049083,11.577811472763164,125,L,-28.67386100570593,0
1760696018.607071,11.24959668662438,125,L,-33.60103916437831,0
1760696018.709217,10.825343389601546,125,L,-48.760455451115206,0
1760696019.015519,12.299254410040609,125,L,-17.532726777608715,0
1760696019.1196246,13.883329997193723,125,L,-8.655727615346649,0
1760696019.2258227,15.347962536544921,140,F,-3.688522508583702,0
1760696019.459761,19.675037244680052,140,R,16.883940418516346,0
1760696020.5678074,11.056474382263398,125,L,-151.2132144496477,0
1760696021.0998952,10.167573209016716,125,L,-21.067524823352073,0
1760696021.3031013,17.181771123148796,145,L,-13.12637669682752,0
1760696021.405283,21.532523960819084,148,F,-1.4062701545574043,0
1760696021.5978367,31.86361046307095,150,CW,153.76667567890297,0
1760696022.724224,10.639977064709052,125,L,-132.6224572880668,0
1760696023.3599555,10.73094348457169,125,L,-60.840783362811834,0
1760696023.5549674,13.633628191512429,125,L,-44.14014850255282,0
1760696023.656566,19.788693439628243,140,L,-166.0809068106569,0
1760696023.7580876,21.594192211363826,140,L,-162.93660963594854,0
1760696024.2574959,32.13762270986342,150,CCW,-146.58066645074396,0
1760696024.566351,40.16746437793514,150,CCW,-141.59943267421724,0
1760696024.667191,41.0146733803747,150,CCW,-132.5102229530577,0
1760696024.7695498,44.32746603635666,150,CCW,-146.41899148175258,0
1760696025.1000173,50.43527952453644,150,CCW,-160.661294175666,0
1760696025.2023065,50.43527952453644,150,CCW,-160.661294175666,0
1760696025.3044631,50.43527952453644,150,CCW,-160.661294175666,0
1760696025.4926834,50.43527952453644,150,CCW,-160.661294175666,0
1760696025.5946486,50.43527952453644,150,CCW,-160.661294175666,0
1760696025.6977887,50.43527952453644,150,CCW,-160.661294175666,0
1760696025.9093142,50.43527952453644,150,CCW,-160.661294175666,0
1760696026.011048,50.43527952453644,150,CCW,-160.661294175666,0
1760696026.112541,50.43527952453644,150,CCW,-160.661294175666,0
1760696026.4400954,50.43527952453644,150,CCW,-160.661294175666,0
1760696026.542001,50.43527952453644,150,CCW,-160.661294175666,0
1760696026.643641,50.43527952453644,150,CCW,-160.661294175666,0
1760696026.9428322,50.43527952453644,150,CCW,-160.661294175666,0
1760696027.0462875,50.43527952453644,150,CCW,-160.661294175666,0
1760696027.1495087,50.43527952453644,150,CCW,-160.661294175666,0
1760696027.448213,50.43527952453644,150,CCW,-160.661294175666,0
1760696027.5512207,50.43527952453644,150,CCW,-160.661294175666,0
1760696027.6533582,50.43527952453644,150,CCW,-160.661294175666,0
1760696027.800464,43.96907034234387,150,CCW,-169.2157021324374,0
1760696027.9023824,41.395465834878614,150,CCW,-155.9546237801346,0
1760696028.0041506,38.44827157873451,150,CCW,-140.93085239487155,0
1760696028.3050795,36.38420245358648,150,CCW,-139.10123638257758,0
1760696028.40961,37.47265572851325,150,CCW,-137.22046100079274,0
1760696028.5178766,39.98420284543915,150,CCW,-145.08009189943007,0
1760696028.8154657,46.72539048684566,150,CCW,-142.86591152341936,0
1760696028.9172802,46.72539048684566,150,CCW,-142.86591152341936,0
1760696029.0197089,46.72539048684566,150,CCW,-142.86591152341936,0
1760696029.2368553,46.72539048684566,150,CCW,-142.86591152341936,0
1760696029.3384216,46.72539048684566,150,CCW,-142.86591152341936,0
1760696029.4393766,46.72539048684566,150,CCW,-142.86591152341936,0
1760696029.619479,46.72539048684566,150,CCW,-142.86591152341936,0
1760696029.7213824,46.72539048684566,150,CCW,-142.86591152341936,0
1760696029.823637,46.72539048684566,150,CCW,-142.86591152341936,0
1760696030.1647053,46.72539048684566,150,CCW,-142.86591152341936,0
1760696030.2659729,46.72539048684566,150,CCW,-142.86591152341936,0
1760696030.3676171,46.72539048684566,150,CCW,-142.86591152341936,0
1760696030.651542,46.72539048684566,150,CCW,-142.86591152341936,0
1760696030.754151,46.72539048684566,150,CCW,-142.86591152341936,0
1760696030.8574386,46.72539048684566,150,CCW,-142.86591152341936,0
1760696031.0710254,42.61676514754507,150,CCW,-113.19685014942823,0
1760696031.1727378,44.59349928570415,150,CCW,-111.62273804876332,0
1760696031.2749102,36.759576082560564,150,CCW,-146.3810192342727,0
1760696031.5836377,29.349614484978495,140,L,-136.72732351713492,0
1760696031.8934367,32.877409150776565,150,CCW,-140.4607512696761,0
1760696032.1893628,42.40642458213323,150,CCW,-172.6103496439872,0
1760696032.2910283,46.84805576916374,150,CCW,-159.94327234234132,0
1760696032.393709,49.71905179997715,150,CCW,-178.9681081509042,0
1760696032.7603378,49.71905179997715,150,CCW,-178.9681081509042,0
1760696032.8623688,49.71905179997715,150,CCW,-178.9681081509042,0
1760696032.9642303,49.71905179997715,150,CCW,-178.9681081509042,0
1760696033.1610816,49.71905179997715,150,CCW,-178.9681081509042,0
1760696033.263335,49.71905179997715,150,CCW,-178.9681081509042,0
1760696033.3653574,49.71905179997715,150,CCW,-178.9681081509042,0
1760696033.7758038,49.71905179997715,150,CCW,-178.9681081509042,0
1760696033.8783934,49.71905179997715,150,CCW,-178.9681081509042,0
1760696033.9802074,49.71905179997715,150,CCW,-178.9681081509042,0
1760696034.2875364,49.71905179997715,150,CCW,-178.9681081509042,0
1760696034.3893464,49.71905179997715,150,CCW,-178.9681081509042,0
1760696034.4920325,49.71905179997715,150,CCW,-178.9681081509042,0
1760696034.7027256,43.463988665982484,150,CCW,-90.4322547842566,0
1760696034.8051744,42.96228304362503,150,CCW,-158.14060689834648,0
1760696034.907386,36.903542726311315,150,CCW,-144.13861589241156,0
1760696035.3151748,31.72417720142898,150,CCW,-118.82763327496176,0
1760696035.4181836,33.38554695276911,150,CCW,-111.51442257705924,0
1760696035.520111,34.823721151794025,150,CCW,-113.82068725315554,0
1760696035.9253294,49.515770451878126,150,CW,129.36998890596757,0
1760696036.2317474,56.08461303908505,150,CW,142.03334933759305,0
1760696036.3333669,56.08461303908505,150,CW,142.03334933759305,0
1760696036.434649,56.08461303908505,150,CW,142.03334933759305,0
1760696037.062649,39.598227230413606,150,CCW,-177.28976210543792,0
1760696037.45669,29.160293927551624,140,L,-111.70897269422264,0
1760696037.669435,27.76301500319732,140,L,-116.11387885480389,0
1760696037.7746189,29.82041583763824,140,L,-118.5217569439935,0
1760696037.877152,31.218717513028757,150,CCW,-115.88727643540932,0
1760696038.092941,37.40500588771761,150,CCW,-114.93412019664683,0
1760696038.1961024,40.08144272042488,150,CCW,-121.37357886857043,0
1760696038.2990327,42.015477427949854,150,CCW,-119.18616308809018,0
1760696038.5918157,51.10489995045401,150,CW,46.50469141358866,0
1760696038.8955963,51.10489995045401,150,CW,46.50469141358866,0
1760696038.996909,51.10489995045401,150,CW,46.50469141358866,0
1760696039.0988142,51.10489995045401,150,CW,46.50469141358866,0
1760696039.4042282,52.209062921986394,150,CW,100.00085309177217,0
1760696039.5073054,50.00291508376456,150,CW,72.68753235401306,0
1760696039.608556,43.427012716576186,150,CCW,-125.18828218860244,0
1760696039.9367487,37.41848467357578,150,CCW,-114.16379900054085,0
1760696040.0384245,35.966301396191284,150,CCW,-118.49963613978127,0
1760696040.1405659,35.67393863810103,150,CCW,-119.17761341290816,0
1760696040.286834,36.29254099623267,150,CCW,-119.76824814172812,0
1760696040.3890738,37.60920132970703,150,CCW,-114.99877009893842,0
1760696040.4902723,41.60552839635805,150,CCW,-122.81699465267221,0
1760696040.6742957,48.186690215056956,150,CCW,-178.39615520133015,0
1760696040.7816303,50.00291508376456,150,CW,46.122481176935054,0
1760696040.982482,53.65144112046388,150,CW,124.72722067871312,0
1760696041.0842712,53.65144112046388,150,CW,124.72722067871312,0
1760696041.1869745,63.27956603879326,165,CW,154.23970170866772,0
1760696041.4076667,54.740120088240566,150,CW,164.6127975579012,0
1760696041.5092735,44.91556333918602,150,CCW,-177.80385748431,0
1760696041.801108,37.23380085797949,150,CCW,-124.94534052866993,0
1760696041.9026148,38.31813928678326,150,CCW,-120.55016451770439,0
1760696042.004635,39.787837754647335,150,CCW,-144.86528292510653,0
1760696042.2123659,44.186307523228635,150,CCW,-166.45547801002573,0
1760696042.3141453,51.10489995045401,150,CW,109.93964023651067,0
1760696042.5224068,59.58998670463123,150,CW,151.56360522235917,0
1760696042.6249938,59.58998670463123,150,CW,151.56360522235917,0
1760696042.7283525,58.86124162072501,150,CW,150.6157378744089,0
1760696042.9425468,51.829151349491,150,CW,116.18235117478969,0
1760696043.0449543,47.44368661471115,150,CW,90.74937340438515,0
1760696043.1462958,43.065047921638204,150,CW,162.4040549217774,0
1760696043.6633532,30.94635225363955,150,CCW,-126.14048151199219,0
1760696043.849282,30.622803606060735,150,CCW,-129.23492692124523,0
1760696043.95216,32.04938328036978,150,CCW,-138.26412628439317,0
1760696044.0545483,31.895976455779724,150,CCW,-136.54239089242043,0
1760696044.3661568,29.242467260409448,140,L,-127.55717875398292,0
1760696044.8680313,41.97069450034231,150,CW,179.3697299157135,0
1760696045.0905309,49.515770451878126,150,CW,155.93504008304558,0
1760696045.1932461,55.17672416974963,150,CCW,-151.77444103083198,0
1760696045.4848015,46.131257539310226,150,CCW,-119.51145127389586,0
1760696045.786815,54.4570358171428,150,CCW,-157.77101332124292,0
1760696045.8893979,54.4570358171428,150,CCW,-157.77101332124292,0
1760696046.3130877,54.4570358171428,150,CCW,-157.77101332124292,0
1760696046.415177,54.4570358171428,150,CCW,-157.77101332124292,0
1760696046.5181923,54.4570358171428,150,CCW,-157.77101332124292,0
1760696046.8448575,21.92031647511563,140,R,92.86382083027665,0
1760696047.2553122,29.430758516912174,140,L,-133.86022921073118,0
1760696047.5846922,33.88185463267653,150,CCW,-134.02587772772748,0
1760696047.798892,35.9063129637409,150,CCW,-135.04059959455938,0
1760696047.9013665,34.18642413927423,150,CCW,-132.4943143121988,0
1760696048.0058398,32.404628842406304,150,CCW,-129.16397882055205,0
1760696048.3937898,23.328940333188136,140,L,-102.14733406684024,0
1760696048.7207453,14.493078577010273,125,L,-67.19361844933502,0
1760696048.8236315,10.972226080818775,125,L,-43.53931410128753,0
1760696048.9265678,9.503806082308744,125,L,-23.68374067984696,0
1760696049.3427002,13.12985803262931,125,R,47.18709666466076,0
1760696049.6423995,18.02162879662191,140,R,66.13166998669264,0
1760696049.750517,20.602642093039048,140,R,71.9456495778021,0
1760696049.8519576,19.079505946899953,140,R,73.16594393092475,0
1760696050.1663764,14.865064393461507,125,R,87.1532039206574,0
1760696050.2712636,10.755615641561674,125,R,87.38002266000542,0
1760696051.0559127,10.65669334452739,130,R,3.5404800508427066,0
1760696051.7870195,45.14237300019069,162,F,5.50997650912038,0
1760696052.0078325,55.61979999921584,167,F,2.7606239399683723,0
1760696052.1102211,56.828873825701315,168,F,0.06927828995105578,0
1760696052.2132096,57.068570623984684,168,F,-2.55047934724036,0
1760696052.439605,50.62098628133713,155,L,-18.74348302165848,0
1760696052.9507904,26.003114751138348,140,L,-45.22199340376386,0
1760696053.0523717,24.04297759681286,140,L,-55.28016055714289,0
1760696053.1538923,21.279954129418094,140,L,-58.68747518595342,0
1760696053.550198,16.333588580281308,140,L,-65.77781475235855,0
1760696053.6525674,15.08149787827557,140,L,-69.67838101134066,0
1760696053.7541275,13.13762882117774,125,L,-75.15586925162495,0
1760696054.0766084,12.046672553764246,125,L,-80.29391232464963,0
1760696054.1792579,9.950491023854482,125,L,-101.52328182704207,0
1760696055.71244,11.897513151457758,125,L,-22.50982197288722,0
1760696056.0316865,28.72411962003684,145,L,-6.67587962478386,0
1760696056.1330082,33.112791868706665,156,F,-5.535877526741141,0
1760696056.3261313,41.90810301856918,160,F,-4.992133972125583,0
1760696056.4324706,44.4797219076608,162,F,-0.9184900150360313,0
1760696056.5358317,44.537884773540725,162,F,-7.122408248908471,0
1760696057.3385298,17.376779197848403,140,L,-53.38160976756376,0
1760696057.8644795,25.41394924552355,140,L,-141.2169563654418,0
1760696057.9665933,36.25356415640404,150,CCW,-154.8857631340461,0
1760696058.1692574,36.46772492542319,150,CCW,-161.4619941665089,0
1760696058.2721086,36.756413460151535,150,CCW,-164.32665680432922,0
1760696058.3741457,37.0500750802011,150,CCW,-163.89592613750023,0
1760696058.6886451,38.051848566565845,150,CCW,-153.41243010780323,0
1760696058.7914858,36.858471573961154,150,CCW,-148.79076136237015,0
1760696058.8998144,32.33760127514562,150,CCW,-136.45317135390235,0
1760696059.102245,28.224797931390906,140,L,-126.48209335584335,0
1760696059.5037258,13.950805319066044,125,L,-75.05045029050586,0
1760696059.605483,13.13762882117773,125,L,-65.98654177861937,0
1760696059.7083292,12.486646412613277,125,L,-57.17735968376351,0
1760696060.3645632,21.666162986017667,148,F,4.546102801908489,0
1760696060.566143,26.553116734701163,155,F,3.262843174926786,0
1760696060.6680617,27.693381349585398,156,F,3.7451470524111983,0
1760696060.7706354,29.010477333360335,158,F,0.12784754040075086,0
1760696061.1775134,10.622412839491535,130,R,3.834793431225876,0
1760696061.5870047,15.481716544867982,140,R,167.41441542756513,0
1760696061.6888256,20.50320906695454,140,R,169.57638651470506,0
1760696061.7913177,21.73556205791554,140,R,170.5047136919041,0
1760696062.0972273,33.42034647163022,150,CW,174.57193733959664,0
1760696062.4364555,41.48732665443752,150,CCW,-178.8525599066862,0
1760696062.6167538,48.6652335673745,150,CW,179.64017328385387,0
1760696063.0310097,48.31692240632903,150,CCW,-168.50153303875663,0
1760696063.3380747,48.41141315923547,150,CCW,-173.98699716091951,0
1760696063.4436274,49.34438366348374,150,CCW,-172.4355172343739,0
1760696063.5486083,49.81703703261131,150,CW,179.72113161189492,0
1760696064.2535505,35.76855004995938,150,CCW,-116.33724718307721,0
1760696064.4697526,34.745862418296554,150,CCW,-109.09058739274357,0
1760696064.5719037,35.39350061991593,150,CCW,-111.03449355216623,0
1760696064.6739771,34.30105123691321,150,CCW,-107.00879835292987,0
1760696064.8731172,30.537450062657207,150,CCW,-95.38546564816342,0
1760696064.9758983,27.924834445176913,140,L,-86.00758730041947,0
1760696065.1768382,21.007772852206894,140,L,-53.29298173471361,0
1760696065.2796538,19.390215181922624,140,L,-42.046743557107376,0
1760696065.3859856,18.67961243512617,140,L,-31.283832026088888,0
1760696065.7954228,24.829615574003878,145,R,6.390443134140071,0
1760696065.9994652,29.353731841471014,140,R,114.27495111442816,0
1760696066.1015148,32.43141034023319,150,CW,124.45739991859445,0
1760696066.61038,26.510802784015013,140,R,149.02141104433872,0
1760696066.8304083,29.770609503403346,140,R,166.68574964733952,0
1760696066.931995,31.95923691161632,150,CW,155.86000432568275,0
1760696067.3276632,39.60636045508203,150,CCW,-97.52491589479517,0
1760696067.679009,53.10623346940231,150,CCW,-85.54542239475276,0
1760696067.7810059,54.24624109293955,150,CCW,-91.17422289007865,0
1760696067.8855453,53.59572572345263,150,CCW,-88.77259004224409,0
1760696068.099219,46.84746536497245,150,CCW,-110.20726754536074,0
1760696068.2005067,44.226250886614764,150,CCW,-99.67910989481022,0
1760696068.3030243,42.60057194771625,150,CCW,-93.13113922964303,0
1760696068.5097942,36.006093958544376,150,CW,154.29490972939755,0
1760696068.82354,32.35908969251156,150,CW,147.331705803654,0
1760696068.9246101,32.49479666817387,156,F,7.413023348231832,0
1760696069.2166424,34.587820126022784,150,CW,148.44627204761727,0
1760696069.5167873,26.774991354981125,140,L,-58.61680894364096,0
1760696069.7278972,25.362503662055772,140,L,-65.66939987165762,0
1760696069.829557,27.746121431217922,140,L,-96.72819322451736,0
1760696069.9311595,25.84644941646495,140,L,-95.50140674826697,0
1760696070.25693,21.922306152162996,140,L,-90.45058942220878,0
1760696070.4101608,17.431759157239586,140,L,-77.54750040724802,0
1760696070.5321176,15.364970224432962,140,L,-66.12666990240982,0
1760696071.2590697,15.487848691250722,140,R,42.50359606578333,0
1760696071.5722647,23.545959681968874,140,R,58.47057705658031,0
1760696071.6736712,25.670227835165242,140,R,60.5180206162992,0
1760696071.7749045,24.083841886470292,140,R,67.20146121124641,0
1760696072.1355953,18.629311681284868,140,R,92.08640643554847,0
1760696072.2376578,17.446714335689826,140,R,102.90194200478989,0
1760696072.3398325,16.17865438029791,140,R,117.46461607807673,0
1760696072.7576997,13.688599553324394,125,R,164.5154897463877,0
1760696072.858975,13.387495677490566,125,L,-174.53615718676338,0
1760696073.0635695,14.244636039233056,125,L,-161.3533450038846,0
1760696073.167534,16.59568762224624,140,L,-152.64564136181718,0
1760696073.2700236,16.59568762224624,140,L,-147.7327007674767,0
1760696073.677846,10.298073598069665,125,L,-171.0273733851036,0
1760696073.7813816,9.837720325513267,125,L,-177.62765879091438,0
1760696074.0751326,9.861658599782343,125,R,140.80630809764614,0
1760696074.293466,10.460348355897214,125,R,104.94163229405648,0
1760696074.3971233,10.66118663751704,125,R,82.4753221989421,0
1760696074.5047927,11.370832097437571,125,R,58.353167304432475,0
1760696074.9044337,13.037827079600483,125,R,16.132846780158474,0
1760696075.0075645,13.940840557433242,125,R,9.358065739307378,0
1760696075.109274,15.995506273635296,141,F,2.8543011835032104,0
1760696075.5305884,23.947640238011186,145,L,-12.679709063297707,0
1760696075.911182,21.451639108973616,140,L,-19.64709025096353,0
1760696076.0126433,20.284862249050445,140,L,-24.284296928637197,0
1760696076.1142762,17.269829404213983,145,L,-13.88460889094425,0
1760696076.4389522,20.187561798780575,145,R,8.97694440360236,0
1760696077.0761843,34.30380858863075,150,CW,31.4607766068452,0
1760696077.5657003,28.477582002566855,140,R,33.539144222347545,0
1760696077.989973,20.77157151401928,145,L,-13.493512358835332,0
1760696078.284718,23.22257481730197,140,L,-52.363942841890804,0
1760696078.3862307,23.238798094263082,140,L,-61.482959017601246,0
1760696078.487103,22.867367491275477,140,L,-55.03178463056098,0
1760696078.9028077,23.359386904010936,140,L,-36.00656314855573,0
1760696079.0204952,25.375431024443095,140,L,-27.931243068224376,0
1760696079.1237438,27.237686185759955,145,L,-11.522906109806101,0
1760696079.7193124,39.998273019741724,150,CCW,-155.67305737046505,0
1760696080.354769,52.29692769194194,150,CW,154.59449748491147,0
1760696080.6617937,52.29692769194194,150,CW,154.59449748491147,0
1760696080.7639322,52.29692769194194,150,CW,154.59449748491147,0
1760696080.8669019,52.29692769194194,150,CW,154.59449748491147,0
1760696081.1855075,52.29692769194194,150,CW,154.59449748491147,0
1760696081.2877626,52.29692769194194,150,CW,154.59449748491147,0
1760696382.1874428,188.74852908370025,180,F,-8.910260158540325
1760696382.4992135,188.74852908370025,180,F,-9.099169268374055
1760696382.880952,176.95136178541853,180,F,-3.1545593979259934
1760696383.4117427,139.02452261012212,180,F,-8.13767273869746
1760696383.9099827,115.84108882976753,180,F,-13.62076421620526
1760696384.4242857,85.1964815976853,170,F,-20.739663182089714
1760696384.9587862,59.42733707344577,160,L,-32.58218296671015
1760696385.3889194,40.85086254146242,160,L,-61.17001243804714
1760696385.716137,31.8672385184746,150,L,-77.29388320192459
1760696385.880985,25.125428572577473,150,L,-75.05964750063072
1760696386.1091933,17.774824485522586,140,L,-70.45707193766526
1760696386.3355258,11.174732530086503,120,L,-46.09705975960287
1760696386.6432116,7.2419645269743,120,L,-10.53918372862823
1760696386.929051,10.328556466359919,120,R,20.463505831201367
1760696387.3486083,17.796352378497925,140,F,-12.589601513577477
1760696387.6598296,18.438811846416684,140,L,-22.305606859353908
1760696388.0464187,11.32788095787663,120,L,-20.776594285121135
1760696388.2823608,14.968431207165823,120,R,40.353206489420046
1760696388.5772188,20.481664396891905,140,R,27.30890055912498
1760696388.8877912,24.100072245767688,140,R,40.002086702588215
1760696389.187979,23.65807501598151,140,R,65.18475613995294
1760696389.4905117,23.555137211499677,140,R,158.14297221969406
1760696389.6976385,23.36868283978577,140,R,172.96160601423082
1760696390.0036774,24.096880949681847,140,L,-168.93053671645217
1760696390.432576,29.563599822113005,150,L,-146.74062298915234
1760696390.808048,30.05327519504237,150,L,-139.42325997807757
1760696391.2326436,17.191845959996797,140,L,-148.93746280026048
1760696391.6599388,10.862946790461422,120,R,170.33133133891636
1760696392.0651655,16.3071019036047,140,R,15.743785848660153
1760696392.252769,18.884301220662895,140,R,20.825898673174365
1760696392.455026,18.976574963923387,140,R,44.567611563734005
1760696392.8832507,19.32093962199285,140,R,156.64811313544715
1760696393.3187704,21.423274950905892,140,L,-167.66342530098524
1760696393.5290093,23.80599993134012,140,L,-160.05927590637043
1760696393.7425408,26.230433094638183,150,L,-152.8242701160314
1760696394.0305915,21.991212085350814,140,L,-159.34680043809254
1760696394.3556435,14.051808750142186,120,L,-176.98270221893793
1760696394.5560305,11.48458821151764,120,R,168.48400884772713
1760696394.8743021,12.42584896909871,120,R,64.59840179678615
1760696395.26579,13.225163901537254,120,R,76.36028888978711
1760696395.5947804,11.792122920693288,120,R,160.72618958334738
1760696395.8942006,13.08033711862762,120,L,-165.84951262464904
1760696396.1887608,16.92352081920014,140,L,-151.73629623375226
1760696396.5139062,18.521526779004738,140,L,-151.1920712061245
1760696396.794242,12.188589688048806,120,L,-144.97812509885506
1760696397.008576,5.109077874902442,120,L,-135.9936094736083
1760696397.432206,4.401850539538822,120,R,67.65979781283558
1760696397.7368348,9.128967746667412,120,L,-32.85365437727969
1760696397.9367151,11.317160848813748,120,R,42.10513222338112
1760696398.6598654,22.262290837608493,140,L,-37.311108164354735
1760696398.8612747,23.355784570982657,140,L,-37.47437404532721
1760696399.2665157,28.89587637556736,150,L,-78.17993280622633
1760696399.5205889,35.11210954902804,150,L,-55.20087793364436
1760696399.8424647,41.634818346286025,160,R,41.91951761605016
1760696400.0274956,47.8495867532674,160,R,40.690429295233486
1760696400.5185165,44.89006438933422,160,R,47.15021776794799
1760696400.8621306,33.878351593773594,150,L,-56.47056893299943
1760696401.063737,28.19887543199108,150,L,-68.18355223343329
1760696401.2486424,26.880457430762686,150,L,-72.74766636786927
1760696401.5584369,34.229143909535374,150,R,32.62101361584399
1760696401.9754322,44.31195749913062,160,R,38.728992986415165
1760696402.2811186,44.68804331366969,160,R,42.999384999947495
1760696402.577687,36.13200474444886,150,L,-50.81294145756097
1760696402.8863828,25.31291500489895,150,L,-62.592549920194976
1760696403.1036034,22.82100657708443,140,F,-5.818226332838876
1760696403.5927591,35.93251130018038,150,L,-39.303079726662574
1760696404.3128316,27.73709091215711,150,F,-5.364520944364273
1760696404.4468184,31.115494990828147,150,F,11.136736853059475
1760696404.8459728,49.68940334508992,160,R,100.92085413575305
1760696405.356033,42.17739535356447,160,R,74.04580942167179
1760696405.5757754,42.17739535356447,160,R,74.04580942167179
1760696405.805518,42.17739535356447,160,R,74.04580942167179
1760696406.1906195,42.17739535356447,160,R,74.04580942167179
1760696406.394887,42.17739535356447,160,R,74.04580942167179
1760696406.8122468,42.17739535356447,160,R,74.04580942167179
1760696407.1169214,42.17739535356447,160,R,74.04580942167179
1760696407.4237268,42.17739535356447,160,R,74.04580942167179
1760696407.6244168,42.17739535356447,160,R,74.04580942167179
1760696408.1313736,42.17739535356447,160,R,74.04580942167179
1760696408.3455825,42.17739535356447,160,R,74.04580942167179
1760696408.5451546,42.17739535356447,160,R,74.04580942167179
1760696408.968774,42.17739535356447,160,R,74.04580942167179
1760696409.3066113,42.17739535356447,160,R,74.04580942167179
1760696409.5176823,42.17739535356447,160,R,74.04580942167179
1760696409.7212439,42.17739535356447,160,R,74.04580942167179
1760696409.8371694,42.17739535356447,160,R,74.04580942167179
1760696410.0284817,42.17739535356447,160,R,74.04580942167179
1760696410.2313783,42.17739535356447,160,R,74.04580942167179
1760696410.4411314,42.17739535356447,160,R,74.04580942167179
1760696410.639091,42.17739535356447,160,R,74.04580942167179
1760696410.9501033,42.17739535356447,160,R,74.04580942167179
1760696411.3585622,42.17739535356447,160,R,74.04580942167179
1760696411.66332,42.17739535356447,160,R,74.04580942167179
1760696411.9768484,42.17739535356447,160,R,74.04580942167179
1760696412.282571,42.17739535356447,160,R,74.04580942167179
1760696412.4982271,42.17739535356447,160,R,74.04580942167179
1760696412.898451,42.17739535356447,160,R,74.04580942167179
1760696413.104419,42.17739535356447,160,R,74.04580942167179
1760696413.5193722,42.17739535356447,160,R,74.04580942167179
1760696413.8155797,42.17739535356447,160,R,74.04580942167179
1760696414.121525,42.17739535356447,160,R,74.04580942167179
1760696414.340236,42.17739535356447,160,R,74.04580942167179
1760696447.5952594,173.9359973699009,180,F,-6.226080836531537
1760696447.7560878,173.9359973699009,180,F,-6.226080836531537
1760696448.1609936,159.98060065880557,180,F,-20.055238404813963
1760696448.5822546,134.66009781960759,180,F,-3.3431768190405364
1760696449.073275,104.26039130646042,180,F,-6.804483129269215
1760696449.5863063,75.70970566845523,170,F,-13.059455741718068
1760696450.1060793,47.74947930543432,160,L,-26.12949964315851
1760696450.610087,24.319538643680566,140,L,-69.46794514788735
1760696451.1367698,9.496424026155365,120,L,-83.56175945225999
1760696451.5525997,3.764573780762042,120,L,-24.556170464243223
1760696451.7367136,7.200658594954879,120,R,10.567347252420939
1760696452.1471663,13.509175434852148,120,R,31.91747357082347
1760696452.3660457,13.154526959131248,120,R,35.987216214630074
1760696452.6743214,9.908839331428775,120,R,43.14801814236745
1760696452.9749572,5.487841566974412,120,R,39.19242940521579
1760696453.2896376,2.783891236914611,120,R,24.096413010066442
1760696453.7020206,5.887724278043191,120,L,-134.91435704600835
1760696454.1127498,14.593340213793828,120,L,-149.7311350956467
1760696454.3050795,17.33540983409223,140,L,-155.59602467071727
1760696454.5119367,13.251503979917764,120,L,-151.40055151061856
1760696455.0751915,1.459736535686412,120,L,-38.213491214952455
1760696455.4965656,9.59326396244079,120,R,58.772180772372224
1760696455.7029312,12.733491933700181,120,R,63.73975303728213
1760696456.086998,12.087459784803286,120,R,49.09343450667401
1760696456.628664,10.345663609963268,120,L,-10.850104629797377
1760696456.8164203,12.76816388346188,120,L,-36.80524097919397
1760696457.023034,16.643347776821575,140,L,-43.258474939583834
1760696457.3415134,13.606151904187538,120,L,-22.055274941272728
1760696457.6350486,11.794616453258417,120,R,25.906680211066597
1760696458.0432765,14.750685199259042,120,R,55.71347215345577
1760696458.2480483,13.61884309287997,120,R,63.29723421450382
1760696458.4494731,10.622412839491533,120,R,68.01090551402405
1760696458.7762477,6.200459420726806,120,R,96.6331639474763
1760696459.069325,6.568814410588869,120,R,138.60031299795818
1760696459.5810738,13.976134041785208,120,L,-177.90599121070522
1760696459.8809874,19.249977106387654,140,L,-170.12659325104357
1760696460.096666,19.717362391085025,140,L,-170.94927162475034
1760696460.3016977,17.595163803806308,140,L,-175.42856754670183
1760696460.5125935,13.424970938358273,120,R,168.60097813912773
1760696461.1529195,10.119286579021717,120,R,77.53816532906427
1760696461.5637338,12.625450795027914,120,R,80.56479771890855
1760696461.7688246,12.121926216468161,120,R,105.68618592759299
1760696462.0762703,14.612239372534813,120,R,138.14644257881488
1760696462.5797358,17.006658017112777,140,R,171.44771833077766
1760696462.8089895,21.708992258574163,140,R,179.7116521525526
1760696463.1174338,31.381045067691637,150,L,-175.96328988106268
1760696463.7105289,57.97231430804105,160,L,-168.25931284154382
1760696464.025941,51.738567736856325,160,L,-167.01743015573953
1760696464.2273548,50.305756689925076,160,L,-168.69643343573688
1760696464.5309348,38.50785537164112,150,L,-178.86997896387857
1760696464.8464563,31.911782210871454,150,R,168.67687042425368
1760696465.0479014,28.09224224232849,150,R,159.27672770069492
1760696465.2469547,26.94247879533316,150,R,157.63330357033658
1760696465.4534354,27.968058505947955,150,R,163.215738279852
1760696465.8664606,37.75344523106165,150,L,-178.61795914816244
1760696466.071431,42.101933729489495,160,L,-173.8896570861744
1760696466.4106503,45.54712152559188,160,L,-169.73441466094118
1760696466.710926,38.00777177395522,150,R,179.2953964125246
1760696467.022337,31.218717513028743,150,R,166.0294016741738
1760696467.3279781,30.393101445234905,150,R,163.30090536784755
1760696467.4467502,31.43449402625636,150,R,167.95535180438668
1760696467.9532218,45.75149747514543,160,L,-175.54734026544563
1760696468.2515566,55.351695285436705,160,L,-166.17158135695084
1760696468.4588172,55.92587322750862,160,L,-161.98523495898655
1760696468.8668907,39.136437045363856,150,L,-170.14214224796538
1760696468.9847946,37.53043573525944,150,L,-175.28125549226425
1760696469.4872873,31.10053407186391,150,R,162.4060618770654
1760696469.9875772,23.285293476729784,140,R,130.15989608130306
1760696470.503614,20.969203105851918,140,R,151.05994509760853
1760696470.6525395,20.801127060383035,140,R,161.90635605121005
1760696470.9570346,26.62652168452582,150,L,-178.70502645394123
1760696471.1568146,28.525028071726666,150,L,-174.5474403951717
1760696471.5623703,27.459491217232483,150,L,-173.10015755766406
1760696471.973927,19.208799243791397,140,R,165.68692761947688
1760696472.2739549,18.16599991676047,140,R,135.13188088778605
1760696472.5015845,18.051654767407474,140,R,135.838594513365
1760696472.8878343,12.102796592727188,120,R,149.79673956972638
1760696473.1902163,13.09506370010033,120,R,169.250278790847
1760696473.4092858,12.188589688048818,120,L,-174.70547402807244
1760696473.7181642,14.06889476002495,120,L,-157.13909759280256
1760696474.0313892,13.881556043426635,120,L,-160.2426961697737
1760696474.3316486,10.644586589822966,120,R,176.42367717761147
1760696474.6347945,13.459215528631463,120,R,139.79503833197967
1760696474.946302,13.488730853749317,120,R,140.3606673578897
1760696475.1466725,12.02148879840643,120,R,160.04086704480375
1760696475.5856535,12.877265746636674,120,L,-150.34923414933132
1760696475.7754269,16.485035658343314,140,L,-131.22688916759537
1760696476.0939934,13.39748567469489,120,L,-131.37280995657267
1760696476.395749,8.153550951802353,120,L,-168.78972953679983
1760696476.6031704,9.162931346477139,120,R,152.3002854373321
1760696476.9103541,12.678931853803777,120,R,77.22832168343157
1760696477.2196457,15.823028431007748,140,R,80.32457273715445
1760696477.6245856,15.428140934093252,140,R,152.02685122201916
1760696477.929661,18.311710595441646,140,L,-176.95424088584966
1760696478.1453853,21.896048035296232,140,L,-167.97248801051455
1760696478.5548875,21.223169015360092,140,L,-168.2166118177082
1760696478.7649548,18.971152132157044,140,L,-179.64157199619808
1760696479.0468433,18.650646935621076,140,R,154.65869515639332
1760696479.4834917,26.57921791048944,150,R,80.00048473921744
1760696479.8963397,25.534459928824592,150,R,144.97825377128237
1760696480.278862,23.08542890177858,140,R,169.15571735938107
1760696480.490597,22.240514670281854,140,L,-178.39079048846202
1760696480.6956174,26.423571550476755,150,L,-156.3248088000925
1760696480.9497123,26.614859476196095,150,L,-148.82294101427397
1760696481.2397523,20.14576630800548,140,L,-154.92584967357163
1760696481.4461207,16.077042539070234,140,L,-163.23821325074462
1760696481.9683824,15.860294715443638,140,R,135.1133629091598
1760696482.169515,21.073897064587975,140,R,65.16169602401207
1760696482.4702947,23.78262575873403,140,R,70.91557993551143
1760696482.6839175,20.160343073072013,140,R,132.9541277223268
1760696483.18648,16.842172517816255,140,R,175.67971494377662
1760696483.491789,19.307757673199582,140,L,-148.2480396541446
1760696483.7155862,25.643776121578806,150,L,-134.49668044915876
1760696484.0163236,25.450004398567053,150,L,-129.75991616347943
1760696484.3302724,19.092449204707428,140,L,-135.4064958450018
1760696484.5256662,14.899643373448654,120,L,-144.7470636316523
1760696485.0438473,10.797096105681913,120,L,-179.12220443508468
1760696485.2559178,11.317160848813748,120,R,157.15949931188578
1760696485.6322699,14.012504465644662,120,R,139.93752353858153
1760696485.8086283,14.865064393461505,120,R,139.53843081715027
1760696486.0112057,15.908487234206538,140,R,148.5787168434772
1760696486.5174265,27.370810371526186,150,R,170.09554466226277
1760696486.7283628,31.70837956588796,150,R,179.4713416300832
1760696487.441153,56.41708699752066,160,L,-165.299864192319
1760696487.9517853,56.41708699752066,160,L,-165.299864192319
1760696488.2734737,56.41708699752066,160,L,-165.299864192319
1760696488.5719278,56.41708699752066,160,L,-165.299864192319
1760696488.8678794,44.91340295389046,160,L,-149.03158119293025
1760696489.1847746,30.020092891428096,150,L,-140.16179448036723
1760696489.4866068,19.717362391085025,140,L,-144.68773826327043
1760696490.0968544,0.5149036799034832,120,R,132.76052406204815
1760696490.4103115,11.556181700212793,120,R,16.325714799858247
1760696490.7452044,14.279508816332465,120,L,-3.7884600762167224
1760696491.0224068,15.303744256745626,140,L,-22.45220299004626
1760696491.3349612,17.07254406890651,140,L,-30.2660575656746
1760696491.6318371,16.463524700923237,140,F,-9.70983621280675
1760696492.0401547,23.9338969193463,140,R,27.77596129547129
1760696492.351604,22.456701476945224,140,R,41.33995527086864
1760696492.5560286,16.215406305312715,140,R,63.614199260258715
1760696492.9157586,12.741483765824146,120,R,108.71781611597612
1760696493.2258863,18.090157205828557,140,R,146.34471824559546
1760696493.4301367,24.460652855407062,140,R,160.78591464213468
1760696493.641127,28.879084408253892,150,R,169.27720445279493
1760696493.9539187,36.36920072922747,150,R,178.80218450310716
1760696494.4632835,57.36536257652779,160,L,-174.56061346302707
1760696494.9568279,57.36536257652779,160,L,-174.56061346302707
1760696495.2800353,57.36536257652779,160,L,-174.56061346302707
1760696495.4827268,57.36536257652779,160,L,-174.56061346302707
1760696495.770874,57.36536257652779,160,L,-174.56061346302707
1760696496.196032,30.340078045290504,150,L,-160.80943674935546
1760696496.5095696,21.79514368430593,140,L,-174.66906522447542
1760696497.1029944,17.023287675884152,140,R,127.25693644469567
1760696497.719104,28.60336321255653,150,L,-53.4835911330971
1760696498.0357301,26.718873678692642,150,L,-44.232488637975436
1760696498.2282522,27.07700328052253,150,L,-46.56097481833463
1760696498.5392246,33.03822784190912,150,R,94.76348408959615
1760696499.0529861,48.903255566237135,160,R,85.23690698278654
1760696499.462821,47.4414374098085,160,R,80.08550922915168
1760696499.875002,33.578508247707774,150,R,81.59737188486474
1760696500.181448,24.174919569606573,140,R,83.63415485612563
1760696500.4519107,10.44024734506165,120,R,88.3028498467163
1760696500.7444615,6.6937478387452884,120,R,126.86989764584405
1760696501.059975,12.407760553334542,120,R,172.25814560731547
1760696501.453688,20.563312473879627,140,R,178.62981424321796
1760696501.6707854,30.26330280885613,150,L,-178.95480032502525
1760696502.0572941,45.119514550587525,160,L,-173.57988234263834
1760696502.3655376,40.851646348673576,160,L,-174.8775892348048
1760696502.5880146,34.34157624829831,150,R,176.53054621431355
1760696502.8915796,27.60282798281121,150,R,161.57973983789242
1760696503.1000743,25.375431024443095,150,R,153.75975576191772
1760696503.5263693,33.29536749574512,150,R,169.69418797935543
1760696503.8204043,44.63101167484897,160,R,176.55623570785443
1760696504.031359,58.04635582996277,160,L,-177.66451675140632
1760696504.433449,58.04635582996277,160,L,-177.66451675140632
1760696504.633401,58.04635582996277,160,L,-177.66451675140632
1760696504.9348202,58.04635582996277,160,L,-177.66451675140632
1760696505.3482113,38.59918515567194,150,L,-166.0312020566864
1760696505.758581,24.085652838825858,140,R,176.90343586940543
1760696505.9807873,20.335146418033442,140,R,162.91123059790922
1760696506.2764087,20.771571514019282,140,R,155.75530058345225
1760696506.5970333,27.87483764865819,150,R,171.80652234875615
1760696506.8899333,36.50407563032284,150,R,177.75211359173736
1760696507.2046576,57.886843668483415,160,L,-175.45512521009695
1760696507.5077198,57.94754418613469,160,L,-175.81999259370073
1760696507.8624206,57.94754418613469,160,L,-175.81999259370073
1760696507.9863317,57.61669493897158,160,L,-168.8686812785933
1760696508.2831411,38.54618483429702,150,L,-172.83906546187475
1760696508.6776257,29.271673768665842,150,R,164.38234988455002
1760696508.982133,27.68415619104093,150,L,-131.0293585238892
1760696509.3087327,29.63982057493412,150,L,-138.28416498053014
1760696509.6982133,30.594352761318945,150,L,-148.42770828303878
1760696510.0059564,29.608374603964982,150,L,-89.09138396705838
1760696510.2160645,29.981086354216153,150,L,-85.96623332541762
1760696510.523021,35.82043325834788,150,R,98.025749128722
1760696510.8221014,43.43037771083966,160,R,94.58090313227359
1760696511.1374264,42.93830376952473,160,R,101.35102168705532
1760696511.3408325,39.509453279584264,150,L,-111.65402083624325
1760696511.6523035,30.99909904608522,150,L,-85.67143622283236
1760696512.070869,28.13778952004991,150,L,-91.11397145194293
1760696512.3663192,29.326944537441587,150,R,100.21652920755162
1760696512.6790125,38.6323536289429,150,R,89.52396661736009
1760696512.9773529,41.214069946302345,160,R,90.03598894136564
1760696513.277351,35.478916090159274,150,R,101.56978191704746
1760696513.4901414,30.769114382198822,150,L,-92.79995515823686
1760696513.8994637,23.45189239055645,140,L,-98.88202480995898
1760696514.230075,21.780070194480825,140,R,140.21054278800358
1760696514.5113668,21.668829838516118,140,R,123.66300751866095
1760696514.8429992,21.719974785848535,140,R,124.15410420281279
1760696515.0342062,24.25017790177151,140,L,-102.7085374343165
1760696515.3856995,29.730128786923014,150,L,-124.59285868841495
1760696515.5853634,31.132207689974262,150,L,-130.2518082378332
1760696516.006271,22.679371145131014,140,R,148.28853854872938
1760696516.4072337,18.16599991676047,140,R,114.07795603196126
1760696516.6188202,19.092449204707435,140,R,114.10338838045416
1760696516.9215178,18.884301220662902,140,R,126.73107035835679
1760696517.131512,14.756586072185366,120,R,139.95128095196526
1760696517.4324365,12.060104803885702,120,R,152.0247384097632
1760696517.74415,10.812977277973154,120,L,-173.19868517601844
1760696518.1541886,12.02423019665901,120,L,-132.76223251204118
1760696518.4629376,10.64458658982297,120,L,-108.15784217479563
1760696518.7624404,6.025173662845161,120,L,-100.29129308677915
1760696519.0867352,3.006057549164745,120,R,53.46056267533021
1760696519.383046,8.785423648105358,120,R,61.67245355022385
1760696519.687694,9.858295792324402,120,R,60.953095025715186
1760696520.0073192,4.442933438837696,120,R,69.00794609005351
1760696520.3130515,3.7183113110704036,120,L,-128.58326745443904
1760696520.5018957,8.399733548585656,120,L,-118.75787539125756
1760696520.9144146,6.941664998596865,120,L,-114.13190721981661
1760696521.2219503,2.574518399517416,120,L,-147.77124256490146
1760696521.5339222,6.245442621418874,120,R,107.89155245280213
1760696521.9512925,14.968431207165828,120,R,104.05790059536793
1760696522.3505998,16.21540630531271,140,R,119.4466947722099
1760696522.7158499,18.28704346803129,140,R,142.8521953870719
1760696522.912027,17.77506141965904,140,R,159.54132571576503
1760696523.3114629,21.67042575925032,140,L,-158.45655280007549
1760696523.6187315,28.582191429442872,150,L,-143.31877490368527
1760696523.8247442,31.393656611503868,150,L,-136.70650391634936
1760696524.3395572,17.980179557894655,140,L,-140.45868114765213
1760696524.634287,11.450855787886075,120,L,-151.5446589588618
1760696524.8398044,7.260246277471036,120,R,150.1285814346637
1760696525.155098,10.591061405885327,120,R,110.02313222722648
1760696525.355467,11.697319396511386,120,R,104.2223996155644
1760696525.4774647,12.050036122883832,120,R,110.05657327228454
1760696525.766849,15.20721508382273,140,R,137.1430921445302
1760696525.9725678,16.553061775941217,140,R,155.92450174492117
1760696526.5024602,20.44597746256198,140,L,-158.9073523763661
1760696526.695702,25.64091035701408,150,L,-103.31049633510007
1760696526.8945293,27.658217769625015,150,L,-99.09567875783985
1760696527.1043487,23.78554389779953,140,L,-103.58388707528667
1760696527.3071916,17.162609325186775,140,L,-144.65691373371067
1760696527.5098069,13.211785775238388,120,L,-150.29017001598325
1760697327.943291,179.6536118155618,180,F,-6.171690543539341,APPROACH
1760697328.263051,179.6536118155618,180,F,-6.369622747770279,APPROACH
1760697328.683863,164.65667041057443,180,F,-1.2038582502098052,APPROACH
1760697329.0755308,135.28317874463747,180,F,-5.541052881005442,APPROACH
1760697329.5927534,108.12402761188622,180,F,-10.226994142141848,APPROACH
1760697330.1997368,71.02949025229042,170,F,-14.919071497584923,APPROACH
1760697330.6455553,48.59914921426226,160,F,-24.24381482432375,APPROACH
1760697331.093618,26.750662725563892,150,L,-53.16319171268913,APPROACH
1760697331.2598047,22.8693601782312,150,L,-71.29738930144367,APPROACH
1760697331.5712543,19.898571987540592,130,L,-105.55406249100548,HEADING_CORRECTION
1760697331.9886158,10.875576656495141,130,L,-115.10562898395364,HEADING_CORRECTION
1760697332.3249831,5.4878415669744145,130,L,-123.23631181646175,HEADING_CORRECTION
1760697332.5149562,3.006057549164749,130,L,-103.08733980539714,HEADING_CORRECTION
1760697332.8389976,2.58213911658997,130,R,65.79778313240917,HEADING_CORRECTION
1760697333.130676,7.024632354862654,130,R,71.82475070840178,HEADING_CORRECTION
1760697642.7875748,179.53344762429296,180,F,2.9831907729939644,APPROACH
1760697643.1072824,179.53344762429296,180,F,2.9686542315037627,APPROACH
1760697643.5253775,167.11102718894224,180,F,1.9908579134184947,APPROACH
1760697644.0123398,136.06983432493584,180,F,0.07904731345703109,APPROACH
1760697644.543175,100.87153438120917,180,F,-2.3582193049817155,APPROACH
1760697645.0372272,78.63378702975615,170,F,-3.9900813272329287,APPROACH
1760697645.5006185,48.7987870837191,160,F,-10.306087145685865,APPROACH
1760697645.9833953,21.265473539672673,150,L,-35.062445964894664,APPROACH
1760697646.5760252,24.100072245767684,150,L,-147.6133848022111,APPROACH
1760697646.7936347,28.224797931390906,150,L,-155.93663281299177,APPROACH
1760697646.9935372,31.201690590574543,160,L,-163.63797431125272,APPROACH
1760697647.3022091,30.74389570614828,160,L,-166.5998750976563,APPROACH
1760697647.537295,29.619502333741472,150,L,-169.09742855393304,APPROACH
1760697647.7463388,28.986157154020532,150,L,-175.57007545585063,APPROACH
1760697648.059227,26.327362722723855,150,R,170.6780390711586,APPROACH
1760697648.3534045,25.82139116589977,150,R,154.2603618184176,APPROACH
1760697648.6653376,28.83378856967008,150,R,147.9250269714423,APPROACH
1760697648.861835,30.263302808856114,160,R,155.2050440541341,APPROACH
1760697649.1873195,36.67167501276935,160,R,173.047895020618,APPROACH
1760697649.5807946,48.66821942975104,160,L,-169.73793171724984,APPROACH
1760697649.9062395,48.484160981593604,160,L,-159.45218744530428,APPROACH
1760697650.091541,48.484160981593604,160,L,-159.45218744530428,APPROACH
1760697650.499643,40.30720945426958,160,L,-155.65803501460772,APPROACH
1760697650.8175337,30.796438206022067,160,L,-171.1689168204075,APPROACH
1760697651.11737,26.608436068872027,150,R,172.45690385984233,APPROACH
1760697651.6364334,29.743224466374432,150,R,134.28291260535366,APPROACH
1760697652.0513473,32.869770362872195,160,R,150.4056744035511,APPROACH
1760697652.3877456,39.39860556125768,160,R,165.11411223001986,APPROACH
1760697652.5848193,49.93004333046472,160,R,173.0213011278089,APPROACH
1760697652.8964214,49.93004333046472,160,R,173.0213011278089,APPROACH
1760697653.106271,49.93004333046472,160,R,173.0213011278089,APPROACH
1760697653.513244,49.93004333046472,160,R,173.0213011278089,APPROACH
1760697653.7151155,49.93004333046472,160,R,173.0213011278089,APPROACH
1760697654.0295131,49.93004333046472,160,R,173.0213011278089,APPROACH
1760697654.3346257,49.93004333046472,160,R,173.0213011278089,APPROACH
1760697654.7321084,49.93004333046472,160,R,173.0213011278089,APPROACH
1760697655.0468242,49.93004333046472,160,R,173.0213011278089,APPROACH
1760697655.3647554,49.93004333046472,160,R,173.0213011278089,APPROACH
1760697655.5520647,49.93004333046472,160,R,173.0213011278089,APPROACH
1760697655.9608192,49.93004333046472,160,R,173.0213011278089,APPROACH
1760697656.1602654,49.93004333046472,160,R,173.0213011278089,APPROACH
1760697656.4781184,49.93004333046472,160,R,173.0213011278089,APPROACH
1760697656.6847525,49.93004333046472,160,R,173.0213011278089,APPROACH
1760697656.8920562,49.93004333046472,160,R,173.0213011278089,APPROACH
1760697657.088629,49.93004333046472,160,R,173.0213011278089,APPROACH
1760697657.5410688,49.93004333046472,160,R,173.0213011278089,APPROACH
1760697673.843932,179.07491934189687,180,F,-11.053702755305288,APPROACH
1760697674.1084075,179.07491934189687,180,F,-10.948350407110404,APPROACH
1760697674.4614706,170.79335930322063,180,F,-12.999115765296018,APPROACH
1760697674.9862728,139.865666334927,180,F,-11.049179120288713,APPROACH
1760697675.4977264,107.31550538805236,180,F,6.730311765149453,APPROACH
1760697675.9845395,78.14274847078856,170,F,4.239831910342573,APPROACH
1760697676.5314355,44.935285754441416,160,F,5.079693991000263,APPROACH
1760697677.008721,20.45650188116548,150,F,8.141160420813145,APPROACH
1760697677.7228172,31.461204359218016,160,R,179.21560366212145,APPROACH
1760697678.5564234,47.11027442299937,160,L,-179.78734589856012,APPROACH
1760697678.7749672,47.11027442299937,160,L,-179.78734589856012,APPROACH
1760697679.0650377,47.11027442299937,160,L,-179.78734589856012,APPROACH
1760697679.2766643,47.11027442299937,160,L,-179.78734589856012,APPROACH
1760697679.5828898,47.11027442299937,160,L,-179.78734589856012,APPROACH
1760697679.8870027,47.11027442299937,160,L,-179.78734589856012,APPROACH
1760697680.1959617,47.11027442299937,160,L,-179.78734589856012,APPROACH
1760697680.5018065,47.11027442299937,160,L,-179.78734589856012,APPROACH
1760697680.807126,47.11027442299937,160,L,-179.78734589856012,APPROACH
1760697709.4473195,167.08326069704938,180,F,5.307020665494633,APPROACH
1760697709.6938179,167.08326069704938,180,F,5.808382536145643,APPROACH
1760697710.1029456,152.59853824695819,180,F,3.782645446596291,APPROACH
1760697710.5944028,121.05412028001706,180,F,2.251912269166951,APPROACH
1760697711.1084454,91.07823413567472,180,F,3.1820267394099346,APPROACH
1760697711.631077,62.127347795380004,170,F,1.8395223082587462,APPROACH
1760697712.0676377,32.10873577150746,160,F,0.2013424502723189,APPROACH
1760697712.5546544,4.6555486244834725,130,S,-3.8140748342903543,HEADING_CORRECTION
1760697713.5928054,61.35135153488137,130,L,-177.9511997365575,HEADING_CORRECTION
1760697713.9048386,61.35135153488137,130,L,-177.9511997365575,HEADING_CORRECTION
1760697714.1018548,61.35135153488137,130,L,-177.9511997365575,HEADING_CORRECTION
1760697714.4487212,61.35135153488137,130,L,-177.9511997365575,HEADING_CORRECTION
1760697714.644302,61.35135153488137,130,L,-177.9511997365575,HEADING_CORRECTION
1760697714.9556773,61.35135153488137,130,L,-177.9511997365575,HEADING_CORRECTION
1760697715.1475663,61.35135153488137,130,L,-177.9511997365575,HEADING_CORRECTION
1760697715.5739343,61.35135153488137,130,L,-177.9511997365575,HEADING_CORRECTION
1760697715.871136,61.35135153488137,130,L,-177.9511997365575,HEADING_CORRECTION
1760697716.183788,70.03992962319508,130,L,-166.95661722468918,HEADING_CORRECTION
1760697716.4851446,60.58226445120092,130,L,-162.4339753515336,HEADING_CORRECTION
1760697716.702451,53.61118997741732,130,L,-153.33549129948727,HEADING_CORRECTION
1760697716.9028711,49.13976942538429,130,L,-151.25489169970317,HEADING_CORRECTION
1760697717.0988014,45.99495722639705,130,L,-150.79975691317773,HEADING_CORRECTION
1760697717.4029396,36.52932068372416,130,L,-138.0892298638813,HEADING_CORRECTION
1760697717.7107651,32.14063850947812,130,L,-134.95963235376823,HEADING_CORRECTION
1760697717.904595,27.644555658901876,130,L,-131.6125245328528,HEADING_CORRECTION
1760697718.3307047,20.98094607303431,130,L,-128.73267343849693,HEADING_CORRECTION
1760697718.658461,14.366218028589122,130,L,-130.9493063220733,HEADING_CORRECTION
1760697718.9630907,9.2682662382627,130,L,-132.6467031338917,HEADING_CORRECTION
1760697719.39956,2.578807823915348,130,L,-156.5355622127311,HEADING_CORRECTION
1760697719.59749,3.00605754916474,130,R,100.32635630457128,HEADING_CORRECTION
1760697719.715652,3.9242070764379764,130,R,95.94036511078522,HEADING_CORRECTION
1760697720.1364202,2.1896048035296105,130,R,111.11183694177598,HEADING_CORRECTION
1760697720.3165941,2.1896048035296154,130,L,-164.29969711861852,HEADING_CORRECTION
1760697720.6297312,8.768633757143203,120,F,-137.22853145348193,FINAL_APPROACH
1760697720.933401,6.3707418829120765,120,F,-122.84955770847841,FINAL_APPROACH
1760697721.4439313,16.372676991108847,130,L,-166.01500247583394,HEADING_CORRECTION
1760697721.7548103,26.028179177492802,130,L,-175.15229095480677,HEADING_CORRECTION
1760697721.980815,31.506427029622476,130,R,177.27751031286363,HEADING_CORRECTION
1760697722.1897628,33.71404206738778,130,R,173.33085496458597,HEADING_CORRECTION
1760697722.3654544,34.193828339002515,130,R,173.51058002787994,HEADING_CORRECTION
1760697722.578299,36.1286398030331,130,L,-178.36807655429044,HEADING_CORRECTION
1760697722.8840823,37.78355461819131,130,L,-172.50578068417275,HEADING_CORRECTION
1760697723.0994399,40.227860201959324,130,L,-163.6326988470846,HEADING_CORRECTION
1760697723.3916428,34.970158516753756,130,L,-167.50480875451203,HEADING_CORRECTION
1760697723.7200346,31.86361046307095,130,L,-179.9000122526866,HEADING_CORRECTION
1760697723.8996646,31.27822438663845,130,R,169.65787867312193,HEADING_CORRECTION
1760697724.1054983,31.29518096027092,130,R,160.33002931067728,HEADING_CORRECTION
1760697724.3082457,31.405318568844315,130,R,157.4299260998243,HEADING_CORRECTION
1760697724.6231341,35.383849359775255,130,R,166.0526794428882,HEADING_CORRECTION
1760697725.0389209,38.33876618411504,130,L,-177.85017909164324,HEADING_CORRECTION
1760697725.2309926,39.84800726031463,130,L,-170.28636275369908,HEADING_CORRECTION
1760697725.5414612,40.12769574739734,130,L,-164.92698187297248,HEADING_CORRECTION
1760697725.7419927,36.93501352358177,130,L,-168.14380414047724,HEADING_CORRECTION
1760697725.8643684,34.672345797824455,130,L,-174.04822993204317,HEADING_CORRECTION
1760697726.357051,31.970080033582146,130,R,163.29229836773155,HEADING_CORRECTION
1760697726.5734794,30.353553556609334,130,R,153.07668509139006,HEADING_CORRECTION
1760697726.8051722,30.74006724358886,130,R,153.48324259486236,HEADING_CORRECTION
1760697727.014536,34.02562167542686,130,R,156.10846205965063,HEADING_CORRECTION
1760697727.3284585,41.408524258851976,130,R,162.02902204883563,HEADING_CORRECTION
1760697727.72224,47.43296844667148,130,R,174.40263044159616,HEADING_CORRECTION
1760697727.936718,50.64283328802888,130,R,178.77655125509858,HEADING_CORRECTION
1760697728.3401084,57.33211483063146,130,L,-175.26897725582364,HEADING_CORRECTION
1760697728.6420631,62.474984987371776,130,L,-123.32805510450271,HEADING_CORRECTION
1760697728.8745537,63.739618051551744,130,L,-121.46377537503423,HEADING_CORRECTION
1760697729.1596959,58.068964371293454,130,L,-168.71822276271718,HEADING_CORRECTION
1760697729.4641151,53.66153435805797,120,F,-171.06629791423728,FINAL_APPROACH
1760697729.9995823,42.14779412917594,130,L,-177.6342424749762,HEADING_CORRECTION
1760697730.3795362,47.993678551559476,130,R,179.285556806213,HEADING_CORRECTION
1760697730.8382463,55.37886465746355,130,R,172.4427745006663,HEADING_CORRECTION
1760697731.0372138,56.71800499295808,130,R,172.6502201765254,HEADING_CORRECTION
1760697731.2602754,60.030269589921986,130,R,174.54929120791064,HEADING_CORRECTION
1760697731.6558852,65.80623411660511,130,L,-176.37671862529393,HEADING_CORRECTION
1760697731.9884639,69.73744380668968,130,L,-168.508177723523,HEADING_CORRECTION
1760697732.263683,70.18391637906831,130,L,-166.41695525464692,HEADING_CORRECTION
1760697732.4685326,66.7994588785389,130,L,-121.87746502490765,HEADING_CORRECTION
1760697732.8829374,58.41443302045709,130,L,-171.4664953438528,HEADING_CORRECTION
1760697733.2077274,53.50247850055877,130,L,-175.8791999483874,HEADING_CORRECTION
1760697733.494724,48.78781995816272,130,R,176.229615521926,HEADING_CORRECTION
1760697733.6944637,46.76510096618664,130,R,170.13652621841936,HEADING_CORRECTION
1760697733.8250844,46.36655105177319,130,R,167.73145131717664,HEADING_CORRECTION
1760697734.0034623,45.775165134373225,130,R,167.18030491568635,HEADING_CORRECTION
1760697734.4374087,42.056854850220645,130,R,162.84247994982138,HEADING_CORRECTION
1760697734.6188364,42.33235953490604,130,R,167.37983049201046,HEADING_CORRECTION
1760697735.0469196,40.227860201959324,130,R,167.97041497913392,HEADING_CORRECTION
1760697735.3696306,38.778058695477306,130,R,170.0638077568501,HEADING_CORRECTION
1760697735.5823739,36.57387332405354,130,R,175.78827980985625,HEADING_CORRECTION
1760697735.8788087,35.028731418717776,130,L,-179.8283045070035,HEADING_CORRECTION
1760697736.0924673,35.147845645472415,130,L,-172.25370965530482,HEADING_CORRECTION
1760697736.4918883,31.114695041783392,130,L,-174.11834631434732,HEADING_CORRECTION
1760697736.8121302,26.34147898133257,130,R,174.8048534438439,HEADING_CORRECTION
1760697737.0200045,23.222574817301982,130,R,158.0464914940988,HEADING_CORRECTION
1760697737.423647,24.55174397375904,130,R,160.07414432232918,HEADING_CORRECTION
1760697737.6306038,24.28876698165947,130,R,160.59592356701143,HEADING_CORRECTION
1760697737.9458613,26.55311673470117,130,R,165.6903463184786,HEADING_CORRECTION
1760697738.3426876,26.614859476196095,120,F,166.98007613079554,FINAL_APPROACH
1760697738.6487253,29.20048838625245,130,R,170.3963750203632,HEADING_CORRECTION
1760697738.9476936,32.9620789242546,130,R,171.62488668835496,HEADING_CORRECTION
1760697739.48063,44.61978744057021,130,R,178.64690580721484,HEADING_CORRECTION
1760697739.7788932,51.742371187268915,130,L,-177.45898246405622,HEADING_CORRECTION
1760697740.0875504,64.59452242799225,130,L,-172.6621838147372,HEADING_CORRECTION
1760697740.388642,64.85105728309914,130,L,-172.7559731934352,HEADING_CORRECTION
1760697740.6994421,53.006015919671064,130,L,-176.57825373367814,HEADING_CORRECTION
1760697741.1062424,47.63284917546525,130,R,176.2949441698789,HEADING_CORRECTION
1760697741.3278935,43.89636498202962,130,R,168.58419291207525,HEADING_CORRECTION
1760697741.633411,43.38763498724789,130,R,166.47218940136923,HEADING_CORRECTION
1760697742.0280924,49.923132891902725,130,R,176.59845015897054,HEADING_CORRECTION
1760697742.2317421,53.00971645613676,130,R,179.87178650330333,HEADING_CORRECTION
1760697742.435445,59.039189065040155,130,L,-173.6744310711337,HEADING_CORRECTION
1760697742.645317,65.12697677572247,130,L,-169.9921617300498,HEADING_CORRECTION
1760697742.8496225,66.24486104584345,130,L,-166.83426933041346,HEADING_CORRECTION
1760697743.2058983,61.01834611602732,130,L,-165.76294620837177,HEADING_CORRECTION
1760697743.3988757,57.559078727272855,130,L,-165.1691352359106,HEADING_CORRECTION
1760697743.7170706,52.00281765095757,130,L,-162.25158716498495,HEADING_CORRECTION
1760697743.8328605,48.83526913754179,130,L,-160.48023614203063,HEADING_CORRECTION
1760697744.0205157,47.149337891833035,130,L,-161.64106349680713,HEADING_CORRECTION
1760697744.331554,41.24085431066758,130,L,-155.9229267463167,HEADING_CORRECTION
1760697744.648016,37.23764361799378,130,L,-156.0454153562616,HEADING_CORRECTION
1760697744.9582255,33.444579799893965,130,L,-159.26974052749395,HEADING_CORRECTION
1760697745.359147,30.110049186958314,130,L,-165.56056456503563,HEADING_CORRECTION
1760697745.6617117,29.349509754498545,130,L,-170.78897345918335,HEADING_CORRECTION
1760697745.877083,29.23100398436315,130,L,-178.39897891687977,HEADING_CORRECTION
1760697746.1796246,30.198797310715594,130,R,176.20158597426848,HEADING_CORRECTION
1760697746.585006,33.232092025639645,130,R,167.26691203060128,HEADING_CORRECTION
1760697746.791374,34.193828339002515,120,F,166.0976541293458,FINAL_APPROACH
1760697747.1958513,39.09458306598934,130,L,-178.90740976058015,HEADING_CORRECTION
1760697747.5930476,47.62259294217441,130,L,-177.3003379722775,HEADING_CORRECTION
1760697747.8292408,52.205266956011556,130,R,176.9585320542908,HEADING_CORRECTION
1760697747.959732,51.93219931883042,130,R,176.49784662551,HEADING_CORRECTION
1760697748.36732,54.227903057129865,130,R,172.16478615062016,HEADING_CORRECTION
1760697748.5700135,58.40558803494204,130,R,179.28632378565266,HEADING_CORRECTION
1760697748.8781867,64.50046972140497,130,L,-123.04850528702781,HEADING_CORRECTION
1760697749.1993086,68.69885198472835,130,L,-120.85098236919586,HEADING_CORRECTION
1760697749.599564,69.7610616630658,130,L,-120.05072343840438,HEADING_CORRECTION
1760697749.8074863,64.54423877978053,130,L,-122.50100496942495,HEADING_CORRECTION
1760697750.1135755,58.2102443691438,130,L,-174.33390976999448,HEADING_CORRECTION
1760697750.430321,51.26653559881424,130,L,-178.0440057183974,HEADING_CORRECTION
1760697750.7270393,47.83277342994997,130,R,177.8875733116079,HEADING_CORRECTION
1760697751.1453052,41.624301332510576,130,R,161.61892654481545,HEADING_CORRECTION
1760697751.335926,41.126544984489485,130,R,163.6537705605716,HEADING_CORRECTION
1760697751.6499264,45.88454947124431,130,R,167.59319635475177,HEADING_CORRECTION
1760697751.9591932,50.767058472811144,130,R,171.63799333062673,HEADING_CORRECTION
1760697752.2607925,56.35008371659462,130,R,175.97071594416593,HEADING_CORRECTION
1760697752.5725834,61.995555887532426,130,L,-124.21530512277684,HEADING_CORRECTION
1760697752.884046,67.38376918297435,130,L,-120.65746461130266,HEADING_CORRECTION
1760697753.0897007,69.13932363078922,130,L,-119.50180965107275,HEADING_CORRECTION
1760697753.2885544,65.86771329860099,130,L,-120.24391687212155,HEADING_CORRECTION
1760697753.48804,59.85574785086075,130,L,-171.996539357478,HEADING_CORRECTION
1760697753.9066403,51.077039145088165,130,L,-174.42512317135493,HEADING_CORRECTION
1760697754.115793,47.90395209432698,130,R,179.57706134659378,HEADING_CORRECTION
1760697754.2987227,45.61654391965652,130,R,176.10405454728362,HEADING_CORRECTION
1760697754.5202658,45.26864339525497,130,R,173.37188995800864,HEADING_CORRECTION
1760697754.7141814,45.91896810287086,130,R,170.19655538592392,HEADING_CORRECTION
1760697754.9197748,46.47889138838001,130,R,168.6511132805103,HEADING_CORRECTION
1760697755.1412845,45.8671687615984,130,R,167.32274902835852,HEADING_CORRECTION
1760697755.3422966,46.612016660022284,120,F,-109.7479167797566,FINAL_APPROACH
1760697755.8732593,47.08695020174465,130,L,-70.62797863647597,HEADING_CORRECTION
1760697756.1246006,52.06954799801275,130,L,-76.17333949130693,HEADING_CORRECTION
1760697756.3167293,53.55997550216544,130,L,-67.82784691724116,HEADING_CORRECTION
1760697756.504338,54.87559469024515,130,L,-120.15273648420091,HEADING_CORRECTION
1760697756.835705,54.588994204335854,130,L,-115.37236429011477,HEADING_CORRECTION
1760697757.2418864,56.361003658436395,130,R,135.8498275142976,HEADING_CORRECTION
1760697757.5296412,59.07956329510865,130,R,133.855776568762,HEADING_CORRECTION
1760697757.7403307,59.07826043946662,130,R,127.7704461986558,HEADING_CORRECTION
1760697758.0453918,53.97202506572446,130,R,121.07795642518403,HEADING_CORRECTION
1760697758.4550035,45.889105208485304,130,R,117.51310676608881,HEADING_CORRECTION
1760697758.6622796,40.39255302868579,130,R,112.88236295812771,HEADING_CORRECTION
1760697758.9791164,30.999099046085217,130,R,103.67979995126592,HEADING_CORRECTION
1760697759.3800945,20.771571514019293,130,R,91.81976704806118,HEADING_CORRECTION
1760697759.6965773,11.450855787886077,130,R,70.10327083427376,HEADING_CORRECTION
1760697804.7885232,201.81993338674081,180,F,2.337007623953184,APPROACH
1760697804.9297745,201.8061393279138,180,F,4.444093937538412,APPROACH
1760697805.3503995,193.8260452814424,180,F,-13.344089671851123,APPROACH
1760697805.8677468,162.18812887660172,180,F,-22.868190017358643,APPROACH
1760697806.2772806,135.63790174191544,180,L,-32.35179396535966,APPROACH
1760697806.715801,115.60641050964882,180,L,-41.62410872382122,APPROACH
1760697806.8898177,106.56693344527382,180,L,-44.449210094565956,APPROACH
1760697807.099789,101.725807243719,180,L,-43.51473101873944,APPROACH
1760697807.3076806,98.66183003813426,180,L,-40.5965560408369,APPROACH
1760697807.7129796,97.95756372014905,180,L,-36.565785765215935,APPROACH
1760697808.3309822,103.58469063046736,180,F,-24.172321670755235,APPROACH
1760697808.4563894,103.67295603570165,180,F,-22.863116881250367,APPROACH
1760697808.8355331,99.0637145628479,180,L,-25.380705799124662,APPROACH
1760697809.3457055,74.48760568501984,170,L,-37.9805798058905,APPROACH
1760697809.5752525,63.8447335067183,170,L,-44.744199589704465,APPROACH
1760697809.8047793,58.006453579931886,170,L,-41.8552008939817,APPROACH
1760697809.9959702,54.918982434464944,170,L,-35.616222419695646,APPROACH
1760697810.3035438,50.715727415215085,170,F,-21.545774282706738,APPROACH
1760697810.6404061,50.11004226446306,170,F,-13.531567578974578,APPROACH
1760697811.0109382,41.15373538316851,160,F,-12.518369443427485,APPROACH
1760697811.5361474,12.287588207527028,130,L,-60.235482402699176,HEADING_CORRECTION
1760697812.0336967,25.0899811766947,130,L,-149.8137393551969,HEADING_CORRECTION
1760697812.25199,30.895348709066795,130,L,-158.93724563575273,HEADING_CORRECTION
1760697812.578865,31.91774154248929,130,L,-161.93501394599872,HEADING_CORRECTION
1760697812.7575383,30.03741865007529,130,L,-161.50184742109306,HEADING_CORRECTION
1760697813.0767329,27.3869032400022,130,L,-160.964811335582,HEADING_CORRECTION
1760697813.3722076,23.49663533788431,130,L,-163.43832253758205,HEADING_CORRECTION
1760697813.696177,20.765223514180576,130,L,-168.26820759752076,HEADING_CORRECTION
1760697814.2043996,15.316033993424275,130,R,179.58872978580618,HEADING_CORRECTION
1760697814.401258,14.1180346459906,130,R,172.00608022620054,HEADING_CORRECTION
1760697814.7367716,15.509308874081373,130,R,170.00944660547066,HEADING_CORRECTION
1760697815.0639656,26.503007959835532,130,R,178.35536388301455,HEADING_CORRECTION
1760697815.2528512,30.414430167645467,130,L,-178.41394381821533,HEADING_CORRECTION
1760697815.5875795,38.443576085903445,130,L,-170.52509361014083,HEADING_CORRECTION
1760697815.8796039,39.66132031765859,130,L,-169.19226423746235,HEADING_CORRECTION
1760697816.0012712,36.37580807344506,130,L,-170.83875683969168,HEADING_CORRECTION
1760697816.1857312,33.35554955231002,130,L,-175.07675461733132,HEADING_CORRECTION
1760697816.3826337,31.468249797746907,130,R,175.21011524974477,HEADING_CORRECTION
1760697816.6889582,29.624323908414635,130,R,164.30434423527092,HEADING_CORRECTION
1760697816.994417,29.19473071372831,130,R,159.67792776507065,HEADING_CORRECTION
1760697817.4082704,28.890454250531977,130,R,163.00279213520307,HEADING_CORRECTION
1760697817.6141353,28.48316749622745,130,R,165.4854456210509,HEADING_CORRECTION
1760697818.2260957,29.25926954885005,130,R,170.9602043635078,HEADING_CORRECTION
1760697818.5425067,27.5092751600733,130,R,175.59096444160835,HEADING_CORRECTION
1760697818.96912,27.374175185522148,130,L,-178.08037044621855,HEADING_CORRECTION
1760697819.246882,28.89654038229299,130,L,-176.91668430952174,HEADING_CORRECTION
1760697819.4737916,27.763112086853273,130,L,-177.88718794023296,HEADING_CORRECTION
1760697819.817486,23.39463879302277,120,F,173.1698827273898,FINAL_APPROACH
1760697820.021943,21.563970460732378,130,R,164.86303330848642,HEADING_CORRECTION
1760697820.39847,28.126290934720817,130,R,163.12610615451953,HEADING_CORRECTION
1760697820.6094866,34.023130534758145,130,R,169.26351455574704,HEADING_CORRECTION
1760697821.0252278,44.33396595648093,130,R,177.3225875585353,HEADING_CORRECTION
1760697821.2225482,50.66268976930274,130,R,179.28351915257963,HEADING_CORRECTION
1760697821.634674,63.61728521600762,130,L,-175.31024788119097,HEADING_CORRECTION
1760697821.9537513,68.13305287273103,130,L,-171.8889962637482,HEADING_CORRECTION
1760697822.15187,69.46686883657904,130,L,-169.47298419016806,HEADING_CORRECTION
1760697822.4551866,65.25278710625379,130,L,-173.20807042055046,HEADING_CORRECTION
1760697822.7571387,61.38196903202857,130,L,-176.75659289174982,HEADING_CORRECTION
1760697823.0730739,56.53385600762629,130,R,177.7244380278358,HEADING_CORRECTION
1760697823.3829782,50.08862947400799,130,R,171.23216075421797,HEADING_CORRECTION
1760697823.6983209,49.74824522235454,130,R,172.0440536486857,HEADING_CORRECTION
1760697824.0963871,59.35734008093599,130,R,178.25684049734699,HEADING_CORRECTION
1760697824.300441,63.667459668500896,130,L,-178.76648559247272,HEADING_CORRECTION
1760697824.5051723,68.99159768201035,130,L,-175.7073852209686,HEADING_CORRECTION
1760697824.726713,67.84028387362132,130,L,-174.59329553664887,HEADING_CORRECTION
1760697825.0745957,63.667459668500896,130,L,-177.02337198674107,HEADING_CORRECTION
1760697825.9608727,40.87577444561692,130,R,170.69951794433018,HEADING_CORRECTION
1760697826.1852367,34.44122669501177,130,R,164.8138502937679,HEADING_CORRECTION
1760697826.6974306,33.22200216777789,130,R,170.44643857079473,HEADING_CORRECTION
1760697827.141073,40.80975402690057,130,L,-173.01426224212332,HEADING_CORRECTION
1760697827.419269,48.875005663336,130,L,-171.14762462161394,HEADING_CORRECTION
1760697827.7209592,51.470392383184176,130,L,-171.24767976035793,HEADING_CORRECTION
1760697828.0766373,48.38183369884746,120,F,-166.80404295490158,FINAL_APPROACH
1760697828.33568,46.10951280658925,130,L,-164.86384585730326,HEADING_CORRECTION
1760697828.6539226,51.104899950454,130,L,-166.0598670838837,HEADING_CORRECTION
1760697828.9531734,57.017975226747154,130,L,-168.43467029645328,HEADING_CORRECTION
1760697829.2571084,54.336200827334174,130,L,-165.1105710438793,HEADING_CORRECTION
1760697829.4693508,53.01386759364342,130,L,-163.3551019754662,HEADING_CORRECTION
1760697829.8718467,48.3941408579775,130,L,-160.55630445164428,HEADING_CORRECTION
1760697830.074577,45.129240410368325,130,L,-159.4210383877119,HEADING_CORRECTION
1760697830.3828728,42.02010211568531,130,L,-157.13854326484233,HEADING_CORRECTION
1760697830.7935627,37.7651825277584,130,L,-158.6148690392808,HEADING_CORRECTION
1760697831.0061183,36.73321889500159,130,L,-162.58812840953277,HEADING_CORRECTION
1760697831.4331002,34.48113855740724,130,L,-169.18537174992673,HEADING_CORRECTION
1760697831.6189663,33.09441889452579,130,L,-169.92713195342552,HEADING_CORRECTION
1760697831.8223042,31.810057306570663,130,L,-173.00324350794574,HEADING_CORRECTION
1760697832.0258517,31.112670165258375,130,L,-174.6733156420029,HEADING_CORRECTION
1760697832.2352214,30.607488513491248,130,R,178.3209343809252,HEADING_CORRECTION
1760697832.4789574,30.791074271761374,130,R,177.0965890721502,HEADING_CORRECTION
1760697832.7875922,32.818136392785654,130,R,170.882631685742,HEADING_CORRECTION
1760697832.986342,35.69711012367282,130,L,-179.04038374238155,HEADING_CORRECTION
1760697833.1960719,40.40957498111253,130,L,-168.08460668695437,HEADING_CORRECTION
1760697833.4013186,41.065311151556116,130,L,-168.63888988060074,HEADING_CORRECTION
1760697833.7069201,38.264259674851104,130,L,-167.6582198205497,HEADING_CORRECTION
1760697834.1114964,32.42716426279649,130,L,-169.39119175946553,HEADING_CORRECTION
1760697834.3334465,30.911538396473254,130,L,-171.4612553810436,HEADING_CORRECTION
1760697834.8300695,29.976701045815442,130,R,179.29556772724857,HEADING_CORRECTION
1760697835.044972,30.769114382198826,130,R,174.4559419698924,HEADING_CORRECTION
1760697835.3421881,32.614203807209414,130,R,177.07190746073994,HEADING_CORRECTION
1760697835.546024,34.65844562677458,130,L,-176.06803124203066,HEADING_CORRECTION
1760697835.8633218,37.98880478033156,130,L,-166.89918739022644,HEADING_CORRECTION
1760697836.2616034,36.66438165672859,130,L,-163.76462117916714,HEADING_CORRECTION
1760697836.4617784,33.88125258656254,120,F,-170.98666895690909,FINAL_APPROACH
1760697836.9114966,28.47758200256685,130,R,170.59911681014265,HEADING_CORRECTION
1760697837.3112357,32.986975977843194,130,R,161.03736153785178,HEADING_CORRECTION
1760697837.7461994,45.61654391965652,130,R,165.6584598497262,HEADING_CORRECTION
1760697838.0488465,54.894879030144764,130,R,168.60038750702864,HEADING_CORRECTION
1760697838.2423205,58.32679052979462,130,L,-131.77446952463464,HEADING_CORRECTION
1760697838.5505917,65.9466134528864,130,L,-126.40751283136973,HEADING_CORRECTION
1760697838.9577508,66.96343486342373,130,L,-127.3639264467469,HEADING_CORRECTION
1760697839.16258,64.05970719815498,130,L,-128.93077185400946,HEADING_CORRECTION
1760697839.4725816,58.06896437129347,130,R,169.97493588294913,HEADING_CORRECTION
1760697839.6631062,54.38115945728554,130,R,163.51429846228822,HEADING_CORRECTION
1760697839.8873572,54.018547838680995,130,R,168.78890608372586,HEADING_CORRECTION
1760697840.0844626,57.37360069323401,130,R,171.69573628504472,HEADING_CORRECTION
1760697840.5085323,64.0878234954536,130,L,-127.14885887380228,HEADING_CORRECTION
1760697840.6944013,68.09470820230561,130,L,-124.8388075314048,HEADING_CORRECTION
1760697841.101963,66.0786251293224,130,L,-124.89662398902212,HEADING_CORRECTION
1760697841.6141934,56.475581224579855,130,R,175.75285437833332,HEADING_CORRECTION
1760697841.9788835,49.99899068932645,130,R,170.78912116677495,HEADING_CORRECTION
1760697842.287949,49.344053103139515,130,R,169.20437016253442,HEADING_CORRECTION
1760697842.4851027,53.28038355255416,130,R,171.73781390680298,HEADING_CORRECTION
1760697842.8042355,59.38017635553001,130,L,-129.93841024781636,HEADING_CORRECTION
1760697843.1067624,63.85297081058027,130,L,-125.78952575791743,HEADING_CORRECTION
1760697843.4144106,65.9466134528864,130,L,-123.99322008477722,HEADING_CORRECTION
1760697843.7128096,63.24262439382774,130,L,-122.87722354423414,HEADING_CORRECTION
1760697844.0267222,60.70567940237792,130,L,-123.63437185201145,HEADING_CORRECTION
1760697844.3432593,58.36090588464904,130,L,-159.5555746907997,HEADING_CORRECTION
1760697844.5281482,56.73857581493477,130,L,-125.60960808836585,HEADING_CORRECTION
1760697844.939589,53.00601591967104,120,F,-152.88537565450008,FINAL_APPROACH
1760697845.452125,50.108292203505066,130,L,-150.62262151792007,HEADING_CORRECTION
1760697845.75792,56.95936270524477,130,L,-157.42628670413043,HEADING_CORRECTION
1760697845.9797075,61.556698479281444,130,L,-158.80594351845772,HEADING_CORRECTION
1760697846.1710331,61.91957192841273,130,L,-160.64606063452035,HEADING_CORRECTION
1760697846.4790354,60.757575167914425,130,L,-156.65199106108693,HEADING_CORRECTION
1760697846.9026303,57.981442031059096,130,L,-152.44395524574097,HEADING_CORRECTION
1760697847.0965862,57.10938433857508,130,L,-153.3184053799827,HEADING_CORRECTION
1760697847.4130132,55.590612587239306,130,L,-152.54165448080886,HEADING_CORRECTION
1760697847.8141348,53.64824143590123,130,L,-152.74106137414594,HEADING_CORRECTION
1760697848.3335092,52.79210134882381,130,L,-153.71354883588998,HEADING_CORRECTION
1760697848.4522896,53.019916798492964,130,L,-155.07195726211967,HEADING_CORRECTION
1760697848.8242495,52.965886792778555,130,L,-156.5783890609664,HEADING_CORRECTION
1760697849.0432014,53.168315586922546,130,L,-157.695814013313,HEADING_CORRECTION
1760697849.2481837,52.56091826663876,130,L,-158.15160809633437,HEADING_CORRECTION
1760697849.4673824,51.51374799780079,130,L,-157.66894472621658,HEADING_CORRECTION
1760697849.878019,50.870694295902446,130,L,-159.7771267936656,HEADING_CORRECTION
1760697850.274208,50.516916039058394,130,L,-161.04211270412415,HEADING_CORRECTION
1760697850.4721773,49.63955407602661,130,L,-160.65492593462125,HEADING_CORRECTION
1760697850.676621,48.68351213024558,130,L,-159.69371272428762,HEADING_CORRECTION
1760697850.9932413,47.01355149744339,130,L,-160.67948395170325,HEADING_CORRECTION
1760697851.244368,45.82331902900968,130,L,-160.46628533238797,HEADING_CORRECTION
1760697851.4365835,44.61978744057023,130,L,-161.89872416068388,HEADING_CORRECTION
1760697851.644328,44.18068674234278,130,L,-162.9983861964646,HEADING_CORRECTION
1760697852.0603607,44.16160320847725,130,L,-167.56896183727142,HEADING_CORRECTION
1760697852.3634102,46.76952368888411,130,L,-173.4798394866011,HEADING_CORRECTION
1760697852.4837265,47.41135969774448,130,L,-174.40243236983684,HEADING_CORRECTION
1760697852.6921084,48.67165861956537,130,L,-177.20340859612335,HEADING_CORRECTION
1760697852.8770292,49.00348309601713,130,L,-178.65095457967746,HEADING_CORRECTION
1760697853.0689824,49.00076574084394,130,L,-179.40518732874216,HEADING_CORRECTION
1760697853.2837002,49.11697248187862,130,R,179.4106151882059,HEADING_CORRECTION
1760697853.598624,50.657464149884035,120,F,-175.10491396896884,FINAL_APPROACH
1760697853.8019786,54.25973352865276,130,L,-137.30787237681517,HEADING_CORRECTION
1760697854.0923507,70.28338918484289,130,R,176.24134670351648,HEADING_CORRECTION
1760697854.4187245,70.28338918484289,130,R,176.24134670351648,HEADING_CORRECTION
1760697854.820831,70.28338918484289,130,R,176.24134670351648,HEADING_CORRECTION
1760697855.0274956,70.28338918484289,130,R,176.24134670351648,HEADING_CORRECTION
1760697855.4441874,70.28338918484289,130,R,176.24134670351648,HEADING_CORRECTION
1760697855.6380239,70.28338918484289,130,R,176.24134670351648,HEADING_CORRECTION
1760697855.7817655,70.28338918484289,130,R,176.24134670351648,HEADING_CORRECTION
1760697856.2849803,70.28338918484289,130,R,176.24134670351648,HEADING_CORRECTION
1760697856.5984645,70.28338918484289,130,R,176.24134670351648,HEADING_CORRECTION
1760697856.8181002,70.28338918484289,130,R,176.24134670351648,HEADING_CORRECTION
1760697857.1191506,70.28338918484289,130,R,176.24134670351648,HEADING_CORRECTION
1760697857.5185068,70.28338918484289,130,R,176.24134670351648,HEADING_CORRECTION
1760697857.734526,70.28338918484289,130,R,176.24134670351648,HEADING_CORRECTION
1760697858.2385063,70.28338918484289,130,R,176.24134670351648,HEADING_CORRECTION
1760697858.5432703,70.28338918484289,130,R,176.24134670351648,HEADING_CORRECTION
1760697858.7468193,70.28338918484289,130,R,176.24134670351648,HEADING_CORRECTION
1760697859.0442786,70.28338918484289,130,R,176.24134670351648,HEADING_CORRECTION
1760697859.3768847,70.28338918484289,130,R,176.24134670351648,HEADING_CORRECTION
1760697859.670401,70.28338918484289,130,R,176.24134670351648,HEADING_CORRECTION
1760697859.9800928,70.28338918484289,130,R,176.24134670351648,HEADING_CORRECTION
1760697860.2827468,70.28338918484289,130,R,176.24134670351648,HEADING_CORRECTION
1760697860.6067026,70.28338918484289,130,R,176.24134670351648,HEADING_CORRECTION
1760697860.89762,70.28338918484289,130,R,176.24134670351648,HEADING_CORRECTION
1760697861.206373,70.28338918484289,130,R,176.24134670351648,HEADING_CORRECTION
1760697861.528393,70.28338918484289,130,R,176.24134670351648,HEADING_CORRECTION
1760697861.727648,70.28338918484289,130,R,176.24134670351648,HEADING_CORRECTION
1760697862.0336595,70.28338918484289,120,F,176.24134670351648,FINAL_APPROACH
1760697862.357962,70.28338918484289,130,R,176.24134670351648,HEADING_CORRECTION
1760697862.6508627,70.28338918484289,130,R,176.24134670351648,HEADING_CORRECTION
1760697867.7638044,70.28338918484289,130,R,176.24134670351648,HEADING_CORRECTION
1760697872.8738415,70.28338918484289,120,F,176.24134670351648,FINAL_APPROACH
